"id","souce_system","first_name","middle_name","last_name","full_name","prefix","suffix","gender","email","phone_number","address_line_1","address_line_2","city","state","zip_code","marital_status","birth_date"
"Python_GS3323289587732","Python_Generation_script","Nicole","","Schultz","Nicole Schultz","","","u","charlesmiles@example.net","(631)652-6746x196","726 Melanie Valleys","","Catherineburgh","Nevada","86047","Single","1915-10-17"
"Python_GS6926972025404","Python_Generation_script","Nicole","","Davis","Nicole Davis","","MD","female","wwhite@example.net","(161)552-6219x572","8606 Caldwell Harbors","","Tracyborough","New York","67847","Married","1956-12-15"
"Python_GS8346852003984","Python_Generation_script","Michelle","Stephanie","King","Michelle S. King","","Jr.","ukn","cowens@example.org","(968)792-3835","206 Angela Square Suite 158","","West Kevin","Vermont","40000","Divorced","1944-05-06"
"Python_GS8730461566396","Python_Generation_script","Omar","","Smith","Omar Smith","","","Male","wwaters@example.net","001-871-206-6074","0873 Amanda Valley Suite 606","","New Steven","Nebraska","91950","Divorced","1998-09-16"
"Python_GS9853777067711","Python_Generation_script","Ashley","Robert","Jensen","Ashley R. Jensen","dr.","DVM","M","courtney32@example.org","+1-490-037-3544x233","39633 Melinda Lakes Apt. 575","","Katherineport","Idaho","16123","W","1928-10-09"
"Python_GS5392121431777","Python_Generation_script","Brianna","Kyle","Lopez","Brianna K Lopez","","MD","2","hicksmelanie@example.org","105.698.8782","07011 James Pass","","New Frankfurt","Arkansas","05208","W","2000-06-16"
"Python_GS7850971471667","Python_Generation_script","James","Jay","Novak","James Jay Novak","Mr.","DDS","Male","jvaldez@example.com","6038126496","40693 Rebecca Mountains","","Butlermouth","Maine","28831","Separated","1989-03-16"
"Python_GS2998638402083","Python_Generation_script","Seth","Mark","Garcia","Seth M Garcia","Mr.","","u","jameslynch@example.org","9242691784","8405 Dawson Plaza Suite 621","","North Ryanchester","Massachusetts","64276","Separated","1992-01-30"
"Python_GS1859052634300","Python_Generation_script","Robin","","Ortiz","Robin Ortiz","","Jr.","U","gwilliamson@example.net","471.563.8848x08538","10293 Nixon Isle","","Villegaston","Maryland","16938","D","2007-05-25"
"Python_GS2316350246097","Python_Generation_script","Suzanne","","Stephens","Suzanne Stephens","","","f","wavery@example.com","887-478-8896x9752","15280 Tyler Ridges","","Joycefort","Oregon","28876","D","1978-02-06"
"Python_GS1436661358225","Python_Generation_script","William","","Robinson","William Robinson","","","u","cmendoza@example.net","569.710.8080","90059 Brown Prairie","","Justinfort","North Dakota","13718","W","1982-09-29"
"Python_GS1959866444666","Python_Generation_script","James","","James","James James","","","U","zblake@example.org","001-684-959-5780x308","925 Cox Islands Suite 985","","South Robynberg","Nebraska","75890","W","1943-01-10"
"Python_GS6994030323717","Python_Generation_script","Erin","","Collins","Erin Collins","","MD","U","ljohnson@example.org","597.994.8002","2038 Thornton Forest","","Thomaschester","Maine","67967","Separated","1968-02-08"
"Python_GS3486012784409","Python_Generation_script","David","Jake","Reed","David J Reed","dr.","Jr.","male","therrera@example.com","001-026-203-6256x82255","011 Whitney Lodge Apt. 439","","Traceyborough","Kansas","24242","S","2011-03-05"
"Python_GS7524972752130","Python_Generation_script","Michael","","Moore","Michael Moore","","PhD","m","ccampos@example.net","029.197.4622x042","9446 Jeremiah Villages Suite 218","","North Debraport","Delaware","16324","Divorced","1961-03-11"
"Python_GS1056696125502","Python_Generation_script","Logan","Joseph","Gomez","Logan Joseph Gomez","","Jr.","M","esimpson@example.com","001-458-210-6040x12469","9283 John Prairie","","West Ericahaven","Wisconsin","20311","Separated","1998-02-15"
"Python_GS6503887765412","Python_Generation_script","Ethan","Jerry","Parker","Ethan J Parker","","MD","Male","tina60@example.com","001-323-269-6755x43776","8615 Barnett Wall Suite 068","","Teresaland","Iowa","04771","Single","1944-04-23"
"Python_GS9636946807048","Python_Generation_script","Nicholas","","Liu","Nicholas Liu","Dr.","","male","torresjohnny@example.org","+1-060-192-6201x96907","9560 Tamara Overpass Suite 026","","Jennifertown","Hawaii","81154","Widowed","1912-07-08"
"Python_GS7784405321405","Python_Generation_script","Amy","Billy","Nichols","Amy B. Nichols","","MD","F","leslie48@example.com","(400)659-9865x07123","06476 Evans Mountain","","Jesseburgh","Utah","35424","S","1948-10-09"
"Python_GS5121000554746","Python_Generation_script","Anthony","","Lowe","Anthony Lowe","","DVM","m","jeffreyoneill@example.org","3863334473","638 Susan Trace","","Pittsmouth","Colorado","91893","Single","1925-04-29"
"Python_GS3166248453224","Python_Generation_script","Joseph","","Jenkins","Joseph Jenkins","dr.","","ukn","chadpowers@example.org","624-976-6685x67849","1308 Laura River Suite 656","","East Daniel","Delaware","46938","Single","1942-01-27"
"Python_GS6199243126937","Python_Generation_script","Scott","","Lewis","Scott Lewis","","DDS","male","qlogan@example.com","808-736-3651x1759","90525 Carr Trafficway Suite 207","","Rosston","Arkansas","05687","S","1942-02-22"
"Python_GS1665069483370","Python_Generation_script","Karen","Melinda","Collins","Karen Melinda Collins","mrs.","Jr.","F","james54@example.org","(714)225-9279x756","468 Sheri Plaza","","Brandiview","Maryland","07660","S","1921-05-09"
"Python_GS9427656572964","Python_Generation_script","Brent","Michael","Campbell","Brent M Campbell","","","ukn","nguyenaustin@example.org","(286)521-0478x981","3912 Gay Run Suite 401","","Ravenside","Iowa","99423","Divorced","1991-09-24"
"Python_GS7365613659155","Python_Generation_script","Hannah","Samantha","Pham","Hannah S. Pham","","DVM","u","carsonelizabeth@example.com","(290)366-9163x551","1405 Kaylee Knoll","","Port Katie","Georgia","50745","M","1951-10-29"
"Python_GS0713070465357","Python_Generation_script","Tracy","Brooke","Jacobson","Tracy Brooke Jacobson","mr.","","M","natalie38@example.com","+1-196-869-9208x30155","1392 Sierra Lodge","","Lake Calvin","Kentucky","08983","S","1915-10-14"
"Python_GS7953361176323","Python_Generation_script","Daniel","","Hernandez","Daniel Hernandez","","DDS","female","lopezbrian@example.net","943.283.6655x53743","34744 Little Villages Apt. 288","","West Darius","North Carolina","74623","Single","1917-11-21"
"Python_GS3756678418742","Python_Generation_script","Eric","Stacey","Davis","Eric S. Davis","","","1","kbell@example.net","467-730-0813","078 Sharon Isle","","West Charles","Missouri","61272","M","1975-09-20"
"Python_GS4939193219424","Python_Generation_script","Christopher","Timothy","Simpson","Christopher Timothy Simpson","","MD","male","jeffery36@example.net","199.180.9776x0282","915 Andrew Burg Suite 348","","East Dariusmouth","Utah","97880","M","1972-06-23"
"Python_GS4367409692585","Python_Generation_script","William","Michael","Wright","William Michael Wright","mr.","","1","donna70@example.com","958.558.9412","3347 Williams Mission","","Lake Aprilview","Virginia","21507","D","1941-07-05"
"Python_GS9455429706599","Python_Generation_script","Andrea","","Parks","Andrea Parks","","","U","jamesharrison@example.net","1506980331","4344 Jason Gardens","","Lake Emilymouth","Virginia","04714","Widowed","1914-09-13"
"Python_GS7037972396810","Python_Generation_script","Blake","Timothy","Crawford","Blake T. Crawford","mr.","MD","M","barbermichelle@example.net","001-848-950-7530","924 Woods Unions Apt. 410","","South Austin","Maryland","16488","M","1948-07-15"
"Python_GS9142088253525","Python_Generation_script","Haley","","Tate","Haley Tate","dr.","","1","larry17@example.com","467.500.1928","51747 Kimberly Stream","","Port Katelynfort","Indiana","75583","D","2014-10-30"
"Python_GS7676501065522","Python_Generation_script","Bryan","","Hobbs","Bryan Hobbs","","Jr.","u","heathercoleman@example.com","524.317.3098x982","931 Lee Cliff Apt. 604","","West Debraton","Iowa","85819","Divorced","2013-04-09"
"Python_GS3225030295920","Python_Generation_script","Johnathan","","Mckenzie","Johnathan Mckenzie","","IV","Male","jamespatel@example.com","785.930.4876x42371","72736 Hernandez Rapid Suite 248","","South Richard","California","38552","Single","1910-11-22"
"Python_GS7212717615979","Python_Generation_script","Nancy","Brittney","Clark","Nancy B Clark","","","Female","theresagomez@example.com","(327)528-6613x4655","459 Barbara Flat Suite 798","","Cooperland","Vermont","59003","Divorced","1955-11-04"
"Python_GS8086996756680","Python_Generation_script","Robert","Rodney","Knight","Robert R Knight","mr.","MD","male","ramirezjulian@example.com","+1-933-592-9954x6415","8944 Newman Dam","","Johnhaven","Georgia","13391","M","1951-02-19"
"Python_GS9152345069905","Python_Generation_script","Michelle","Adriana","Livingston","Michelle Adriana Livingston","","","2","johnszachary@example.net","001-499-710-5518x802","4514 Jessica Key Apt. 080","","Port Kevin","Hawaii","32277","Separated","1926-07-08"
"Python_GS3189985571570","Python_Generation_script","Lindsay","Lisa","Hughes","Lindsay L. Hughes","miss","PhD","U","gwang@example.org","097-828-9880x93218","47895 Smith Stravenue","","North Christinebury","Rhode Island","37157","Widowed","1961-03-04"
"Python_GS4812751006165","Python_Generation_script","Cheryl","Randy","Williamson","Cheryl R. Williamson","mrs.","","female","andrewschultz@example.net","(313)129-2168x1218","48949 Emily Vista","","North Zacharyville","Illinois","49559","S","2008-11-06"
"Python_GS7754874396167","Python_Generation_script","Jason","","Turner","Jason Turner","Mr.","III","Male","kristi80@example.com","0225697465","8967 Hernandez Haven","","Mitchellport","South Carolina","80161","W","1920-03-12"
"Python_GS4268857874342","Python_Generation_script","Steven","","Smith","Steven Smith","","","u","tonicole@example.net","+1-029-078-9574x1591","1645 Mcdonald Junction","","North Richardstad","Maryland","51780","Single","1966-02-25"
"Python_GS7097708495620","Python_Generation_script","Richard","","Griffith","Richard Griffith","","","m","millerrebecca@example.com","+1-034-523-8680x435","81756 Smith Lights","","Traviston","Texas","74146","M","1948-08-28"
"Python_GS9644961480375","Python_Generation_script","James","","Valdez","James Valdez","","Jr.","u","smithbarbara@example.org","096-540-8319x7285","260 Ashley Estates","","West Benjamin","Kansas","73930","S","1921-06-27"
"Python_GS6781847689699","Python_Generation_script","Tyler","Christopher","Oliver","Tyler Christopher Oliver","mr.","Jr.","u","madisonadams@example.com","214-378-6064x29646","2899 Hernandez Parks Apt. 676","","Frederickberg","North Dakota","97059","Divorced","1971-06-29"
"Python_GS9125875714829","Python_Generation_script","Rachael","Amy","Campbell","Rachael Amy Campbell","","Jr.","u","henryjacqueline@example.org","633.581.6775x516","1692 Coleman Fords Apt. 775","","Smithmouth","Colorado","12097","Divorced","2017-06-25"
"Python_GS0243847561949","Python_Generation_script","Kayla","","Bryan","Kayla Bryan","","","ukn","jessica52@example.com","(175)934-9849","953 Stephanie Fall Suite 873","","West Ginachester","Hawaii","89640","W","1982-12-20"
"Python_GS3511843148165","Python_Generation_script","Lindsay","Megan","Mendez","Lindsay Megan Mendez","miss","","ukn","okline@example.org","166-152-6163x20134","0690 Jessica Hollow","","Weberside","Alaska","88396","Married","1987-04-21"
"Python_GS2265376789425","Python_Generation_script","Jacqueline","","Carr","Jacqueline Carr","","","U","nguyenrussell@example.org","(227)917-9663x30899","6065 Hale Divide","","Nelsonmouth","Connecticut","43842","Widowed","1998-10-13"
"Python_GS6929290307856","Python_Generation_script","Tracy","","Howe","Tracy Howe","","Jr.","u","denniscampbell@example.net","001-060-036-9354x94662","01916 Buchanan Hills","","East Kevin","California","06176","Widowed","2005-10-07"
