"pkey","souce_system","first_name","middle_name","last_name","full_name","prefix","suffix","email","phone_number","street_address","city","state","zip_code"
"DFF5697447342500","Desktop_flatfile","Michael","","Downs","Michael Downs","Dr.","","kellermichael@example.org","001-357-115-8692x60024","14568 Jose Canyon Suite 937","Port Jerry","Kansas","72370"
"DFF9986864376776","Desktop_flatfile","Marissa","","Hays","Marissa Hays","","","rodneymartinez@example.org","+1-709-641-3122","288 Wheeler Manor","East Krista","Montana","28499"
"DFF1409845214112","Desktop_flatfile","Michael","","Walls","Michael Walls","Ind.","PhD","aliciasmith@example.com","7597372643","8350 Barrett Mountain","Ballardburgh","Arizona","18756"
"DFF3407332170369","Desktop_flatfile","Cody","","Hickman","Cody Hickman","Dr.","","morrowjose@example.com","1468542684","03001 Smith Stream Apt. 803","East Jacquelineburgh","New Mexico","19592"
"DFF2349252808780","Desktop_flatfile","Christopher","","Wood","Christopher Wood","Mr.","","wangryan@example.org","010.812.2765","2785 Kathleen Lake","Lake Kelly","New Jersey","12244"
"DFF5260306501457","Desktop_flatfile","Diana","Ivan","Byrd","Diana Ivan Byrd","Dr.","Jr.","gomezlindsey@example.net","001-312-819-8249","91605 Katherine Lock Apt. 797","Lake Courtneyport","Ohio","52652"
"DFF0426175415232","Desktop_flatfile","Shelly","Thomas","Bradford","Shelly Thomas Bradford","","","zsutton@example.com","744-835-4837x777","88771 Miller Lodge Apt. 895","Taylorchester","Connecticut","99375"
"DFF0075061121735","Desktop_flatfile","Melissa","","Davis","Melissa Davis","Dr.","","hramos@example.com","761-141-4583","6580 Johnny Shore Apt. 220","West Michael","Minnesota","23108"
"DFF4987832853362","Desktop_flatfile","Joshua","","Baker","Joshua Baker","Mr.","Jr.","carolduncan@example.org","477.303.0567x8261","010 Michele Courts Suite 602","Walkerton","South Dakota","99283"
"DFF4260988661235","Desktop_flatfile","Robin","","Jones","Robin Jones","Dr.","MD","michelle08@example.net","001-688-738-7672x030","6397 Calvin Common Apt. 892","South Debramouth","Maryland","31722"
"DFF1499052559816","Desktop_flatfile","Charles","Tiffany","Foster","Charles Tiffany Foster","","MD","amy35@example.org","(139)906-7648x576","980 Dawn Course","Barbarachester","Ohio","66272"
"DFF2185219034317","Desktop_flatfile","Jeanne","Cathy","Anderson","Jeanne Cathy Anderson","","DDS","lbass@example.net","920.384.3623","59122 James Ville Apt. 172","South James","Idaho","47657"
"DFF8273776160038","Desktop_flatfile","Joshua","Stephanie","Cook","Joshua Stephanie Cook","Mr.","","doughertysteven@example.com","2408968850","61477 Evelyn Fords Suite 961","West Ricky","Wisconsin","56398"
"DFF9506547706685","Desktop_flatfile","Chad","","Horne","Chad Horne","","PhD","pbrown@example.org","071-683-9229x76313","1036 Harris Landing Suite 011","Martinezburgh","West Virginia","03245"
"DFF4398420987688","Desktop_flatfile","Danielle","","Becker","Danielle Becker","","II","sfaulkner@example.com","+1-074-139-5021x814","098 Robinson Fords","Sherimouth","Kentucky","90172"
"DFF3185405548184","Desktop_flatfile","Kimberly","","Garcia","Kimberly Garcia","Mr.","Jr.","brenda82@example.org","854.213.4976x737","96862 Phillip Village Suite 288","Patriciafurt","Kansas","22864"
"DFF4383635930062","Desktop_flatfile","Jamie","","Cox","Jamie Cox","","DDS","moranmichael@example.net","835.250.4429","58140 Victoria Plains","Debraton","Hawaii","79093"
"DFF4085018859181","Desktop_flatfile","Lorraine","","Smith","Lorraine Smith","","MD","stewartlisa@example.net","890-602-6134x67000","83611 Rachel Streets","Lake Michael","Nebraska","35841"
"DFF3423516037488","Desktop_flatfile","Sean","","Petty","Sean Petty","","MD","gloria86@example.net","657.915.4000x392","28788 Davis Road","West Dianafurt","North Dakota","38192"
"DFF5535397412235","Desktop_flatfile","Joshua","Dana","Beasley","Joshua Dana Beasley","","","steve09@example.org","709.059.7157x282","0459 Lopez Groves","Jenniferborough","Texas","94552"
"DFF9604872345262","Desktop_flatfile","Carol","Kimberly","Dawson","Carol Kimberly Dawson","","PhD","sherry56@example.com","(286)136-4674x58378","7787 Knight Ridges Apt. 920","Kaylabury","Georgia","02294"
"DFF1314926204800","Desktop_flatfile","Rachel","","Gallagher","Rachel Gallagher","Ind.","","andrew88@example.com","(022)017-4545","43861 Davis Stream","New Elizabethburgh","Louisiana","74417"
"DFF7524490662218","Desktop_flatfile","Julie","","Simpson","Julie Simpson","Dr.","","ypeters@example.net","852-208-6183x1003","779 Barnes Alley","Warrenside","Montana","72589"
"DFF6857882297585","Desktop_flatfile","Andrea","","Gonzales","Andrea Gonzales","","MD","gbishop@example.org","(821)855-9684","85712 Woods Springs Apt. 513","New Christinetown","Georgia","60955"
"DFF2615785011752","Desktop_flatfile","Tiffany","Christy","Edwards","Tiffany Christy Edwards","","","rodriguezjessica@example.net","+1-336-575-5330","30901 Scott Gardens","Escobarstad","Texas","07153"
"DFF2543167170066","Desktop_flatfile","Jose","Shawn","Bowman","Jose Shawn Bowman","Mrs.","","julie79@example.net","001-999-311-8119x497","64608 Melissa Meadows","South Johnfurt","Missouri","27804"
"DFF2166400015551","Desktop_flatfile","James","","Monroe","James Monroe","Dr.","DDS","brendansutton@example.net","(420)883-6301","325 Alexander Mission Suite 935","Paulview","Connecticut","47653"
"DFF3191268668037","Desktop_flatfile","Jimmy","","Munoz","Jimmy Munoz","","","james24@example.com","(709)350-3914x12170","2317 Monica Union","Jonesstad","Mississippi","40135"
"DFF9141045795931","Desktop_flatfile","Timothy","Jennifer","Vargas","Timothy Jennifer Vargas","Dr.","","larrydean@example.org","001-413-137-8509x17858","555 Hughes Hill","South Bradborough","Iowa","66725"
"DFF7923125484827","Desktop_flatfile","Tammy","","Cox","Tammy Cox","","","timothy12@example.com","(250)613-4648","15215 Joseph Flats","South Davidfurt","Idaho","59167"
"DFF2702117252591","Desktop_flatfile","Martin","Christopher","Huerta","Martin Christopher Huerta","","PhD","steven70@example.net","001-656-609-6550x494","5058 Brad Plain Apt. 309","Dianemouth","Tennessee","56903"
"DFF1047461177871","Desktop_flatfile","Michael","","Hebert","Michael Hebert","Mr.","","janetmaldonado@example.net","5288396053","6587 Mays View","Reedstad","Idaho","70050"
"DFF5088759430700","Desktop_flatfile","Robert","","Moore","Robert Moore","Mrs.","","thomas85@example.org","415.488.6869x725","80374 Jose Mountains Apt. 730","East James","New Mexico","82112"
"DFF1471103498008","Desktop_flatfile","Mary","Paige","Miranda","Mary Paige Miranda","Dr.","PhD","maguilar@example.net","001-857-168-3452x372","4416 Tyrone Cove","West Michael","Kansas","36418"
"DFF4146995268271","Desktop_flatfile","Judith","George","Perry","Judith George Perry","","Jr.","stephen02@example.org","064-482-7922x92000","270 Jamie Burgs","New Victoria","Illinois","49346"
"DFF0155400874697","Desktop_flatfile","Drew","Carol","Murphy","Drew Carol Murphy","Mr.","DDS","ocarey@example.com","8711024097","0871 Jamie Port","West Brittany","Kentucky","86805"
"DFF9236009456710","Desktop_flatfile","Elizabeth","","Miller","Elizabeth Miller","","","bushsara@example.net","001-648-242-1837x49808","034 Kirk Shores","Christopherborough","Rhode Island","30228"
"DFF6396510118682","Desktop_flatfile","Tristan","","Wilson","Tristan Wilson","","DDS","valeriemoreno@example.com","5288424658","04974 Matthew Cliff","Fordmouth","California","13917"
"DFF7958627666129","Desktop_flatfile","Rebecca","Madison","Jackson","Rebecca Madison Jackson","","PhD","shernandez@example.net","+1-970-259-1673x369","535 Walton Shore Apt. 101","Port Kyleland","New York","12337"
"DFF5988431258878","Desktop_flatfile","James","David","Barry","James David Barry","Mx.","MD","wdavis@example.org","+1-235-770-5341","35261 Christopher Station Apt. 012","Paulmouth","Massachusetts","64108"
"DFF4436250227311","Desktop_flatfile","Sarah","","Kaiser","Sarah Kaiser","Dr.","","dylan16@example.net","+1-173-396-4243x39127","70391 Manuel Valley","Davidborough","Louisiana","43899"
"DFF3273165573413","Desktop_flatfile","Michael","Lisa","Chan","Michael Lisa Chan","","DDS","jbrown@example.org","974-299-5222","382 Miller Plain Apt. 875","South Darren","Utah","39831"
"DFF5574150137619","Desktop_flatfile","Jeremy","","Underwood","Jeremy Underwood","Dr.","","janetmendoza@example.net","343.251.4112x66711","68371 Williams Fall Apt. 589","South Sarah","Illinois","66405"
"DFF7432028557908","Desktop_flatfile","Madison","","Davis","Madison Davis","Mrs.","","lucasharris@example.net","001-440-706-8600x558","8923 Adams Island","West Colin","Virginia","05075"
"DFF6398551118263","Desktop_flatfile","Amanda","","Nielsen","Amanda Nielsen","","","taylor82@example.net","719-148-0101","7868 Sarah Island Apt. 378","Jonmouth","Oregon","10011"
"DFF1106047493184","Desktop_flatfile","Andrew","","Sanchez","Andrew Sanchez","","MD","lisa21@example.com","(261)769-5775","064 Rachel Glens","East John","Connecticut","28777"
"DFF4347009876455","Desktop_flatfile","Eduardo","","Martinez","Eduardo Martinez","","Jr.","heatherbailey@example.net","829.193.5912x32601","7755 Evan Grove Apt. 309","Robinmouth","Michigan","19785"
"DFF4690632136732","Desktop_flatfile","Jessica","","Saunders","Jessica Saunders","","","averykelsey@example.org","632.091.8130x571","45319 Smith Cliffs Apt. 547","Port Oliviaview","South Carolina","05326"
"DFF7868045791061","Desktop_flatfile","Joshua","","Oneill","Joshua Oneill","","DDS","nathanallen@example.net","001-882-607-3332x5378","7517 Farley Causeway","East Nicoleside","Vermont","00999"
"DFF2801955273024","Desktop_flatfile","Michael","Ashley","Rojas","Michael Ashley Rojas","","DDS","rodriguezsylvia@example.net","608.707.3791x64288","5340 Wilson Route Suite 508","East Crystalton","Arizona","88408"
