"id","souce_system","first_name","middle_name","last_name","full_name","prefix","suffix","email","phone_number","address_line_1","address_line_2","city","state","zip_code","marital_status","birth_date"
"Python_GS6515107960354","Python_Generation_script","Veronica","Ann","Reeves","Veronica A. Reeves","","DDS","williamsmith@example.com","987.675.8085","515 Paula Burg","","Jennamouth","Arkansas","63627","W","1912-10-09"
"Python_GS8130774800352","Python_Generation_script","Sarah","","Barrett","Sarah Barrett","Mrs.","","susan48@example.org","416.430.9267x66275","599 Lee Unions Suite 024","","Sharonmouth","Missouri","56447","Married","1909-02-01"
"Python_GS3855735954183","Python_Generation_script","Jennifer","","Murphy","Jennifer Murphy","","MD","klinekaren@example.com","579.527.8844x935","6493 Patricia Plains Suite 368","","Lake Elizabeth","Alaska","87609","Separated","1946-10-22"
"Python_GS8499779428658","Python_Generation_script","George","","Thomas","George Thomas","","","melissaashley@example.net","001-808-782-6669","2072 Matthews Way Suite 379","","Lake Pamelaland","Nebraska","92548","Divorced","2008-01-11"
"Python_GS7272716685625","Python_Generation_script","Lynn","Cassandra","Yates","Lynn C Yates","mrs.","MD","sabrina35@example.com","+1-521-156-7601x14339","23950 Miller Oval Apt. 235","","Tiffanystad","North Carolina","17001","Separated","1924-10-24"
"Python_GS1966744565122","Python_Generation_script","Jennifer","Kathryn","Contreras","Jennifer K. Contreras","","DVM","gabriella85@example.com","(251)171-8502","1677 Heather Roads Suite 709","","Port Taylorburgh","Nebraska","21027","W","1966-10-24"
"Python_GS6399379136279","Python_Generation_script","Corey","","Moore","Corey Moore","","","robert64@example.org","+1-079-699-8022x83809","14945 Howell Flats Suite 582","","Craigfort","Arkansas","01797","D","1993-04-29"
"Python_GS0653134327651","Python_Generation_script","Steven","","Garcia","Steven Garcia","","DDS","zarnold@example.net","598-295-2539","55403 Teresa Villages Apt. 591","","Amyshire","Maryland","45944","Separated","1986-12-17"
"Python_GS8682530560999","Python_Generation_script","Matthew","Dennis","Murphy","Matthew D. Murphy","Mr.","MD","julie43@example.net","1515866957","008 Stephen Ville Suite 662","","Caitlynfort","Indiana","18067","S","2008-08-02"
"Python_GS7238395289073","Python_Generation_script","Danny","Katelyn","Vaughn","Danny K. Vaughn","dr.","MD","richard79@example.org","122-669-1483x5727","2768 Sanders Parkway Suite 868","","North Stevenburgh","Utah","01741","Separated","1966-09-15"
"Python_GS3604864523315","Python_Generation_script","Ashley","","Coleman","Ashley Coleman","","DVM","gbrandt@example.org","(999)767-3190x819","7593 Danielle Spurs Suite 692","","Scottton","West Virginia","66983","Single","1989-09-06"
"Python_GS6232423427087","Python_Generation_script","Kenneth","Brittany","Steele","Kenneth Brittany Steele","","DVM","robertolsen@example.org","(207)288-4112x093","91120 Kenneth Station Apt. 389","","Lake Gabrielaberg","New York","22603","Widowed","1967-01-30"
"Python_GS5806125557703","Python_Generation_script","Adam","","Greene","Adam Greene","","","theresabanks@example.net","+1-849-534-1704x77658","3342 Taylor Brooks Apt. 534","","Michellestad","North Carolina","56819","M","2016-05-01"
"Python_GS8573215643826","Python_Generation_script","Laura","","Fowler","Laura Fowler","dr.","II","timothydavis@example.net","688.341.8865","5041 Davis Shoals","","North Phillipside","Vermont","37641","W","1981-02-01"
"Python_GS9657275270488","Python_Generation_script","Robert","","Miller","Robert Miller","mr.","MD","efields@example.net","(818)093-4437x55914","70195 Joseph Walks Suite 204","","Lake Chad","Mississippi","82189","Married","1972-07-23"
"Python_GS8079229874008","Python_Generation_script","Lindsey","","Kelly","Lindsey Kelly","mrs.","","castrorandy@example.net","4078215934","633 Foster Motorway Suite 869","","Lake Brittneyborough","Arkansas","14107","Divorced","1977-10-28"
"Python_GS7626633291832","Python_Generation_script","Robert","","James","Robert James","","MD","todd92@example.com","2184688735","9031 Jose Wells","","Martinborough","Virginia","64942","M","2001-02-02"
"Python_GS4563316586799","Python_Generation_script","Wendy","","Holmes","Wendy Holmes","Dr.","","seancooper@example.com","(053)872-5771","67805 Scott Knolls","","Lake Nicholeland","Connecticut","79168","Separated","1977-08-19"
"Python_GS5640776752113","Python_Generation_script","Carlos","John","Cooper","Carlos J Cooper","","DDS","ppope@example.net","001-749-959-3675","34114 Melissa Burgs Suite 807","","Toddland","North Carolina","19179","Separated","2001-02-17"
"Python_GS8920875722390","Python_Generation_script","Brooke","","Gutierrez","Brooke Gutierrez","","","connerjeffrey@example.net","8568821758","49030 Mcclure Rapids Suite 970","","West Alyssa","Nevada","61552","S","1994-09-12"
"Python_GS6573639436020","Python_Generation_script","Susan","","Lamb","Susan Lamb","mrs.","","lucaspamela@example.net","001-931-847-2646x8668","629 Duarte Trafficway Apt. 367","","New Angela","Alaska","85691","Divorced","1917-10-21"
"Python_GS9629253767181","Python_Generation_script","Kathryn","","Ho","Kathryn Ho","mrs.","","jennifer35@example.org","001-791-007-1985x602","05756 Kyle Heights","","Hooperfurt","Delaware","07907","Divorced","2010-04-08"
"Python_GS6418675003372","Python_Generation_script","Jason","Tony","Thomas","Jason Tony Thomas","","MD","kristiechavez@example.org","325.240.2561","5319 Aguirre Ridge","","East Christopherfort","Wyoming","28536","D","1951-11-22"
"Python_GS2867025177050","Python_Generation_script","Aaron","","Perez","Aaron Perez","","Jr.","juliansullivan@example.org","802-287-3253x041","759 Rebekah Hollow","","East Robert","Wisconsin","19716","D","1959-08-22"
"Python_GS7909611151794","Python_Generation_script","Stephanie","Adrian","Kim","Stephanie A. Kim","dr.","Jr.","jenniferjones@example.net","695-936-8848x65884","1484 Kari Burg","","South Courtney","Nevada","10531","W","2008-02-20"
"Python_GS7391529060051","Python_Generation_script","Allison","Blake","Wilson","Allison B Wilson","mr.","DDS","bwilliams@example.net","3813427500","78698 Daniel Radial Suite 780","","New Paulland","Kentucky","62570","S","2019-06-17"
"Python_GS7275717523217","Python_Generation_script","Keith","John","Guzman","Keith John Guzman","","","amypaul@example.net","(615)935-2930x9768","028 Nicole Course","","East David","Utah","97269","Separated","1987-05-11"
"Python_GS1932035177824","Python_Generation_script","Thomas","","Deleon","Thomas Deleon","","PhD","nmartin@example.net","(725)634-3074x23029","40276 Michael Tunnel","","Jonathanmouth","Nebraska","31402","M","1940-12-06"
"Python_GS8271049012954","Python_Generation_script","Henry","Jason","Hill","Henry J. Hill","Mr.","","robinpatterson@example.com","067.569.3932","518 Lisa Square","","North Edwardburgh","Massachusetts","89150","Single","1950-04-10"
"Python_GS3684917855051","Python_Generation_script","Alejandro","Jonathon","Higgins","Alejandro J. Higgins","","MD","kingthomas@example.com","024.418.7378","670 Owens Springs Apt. 193","","East David","Alaska","78334","Divorced","1979-08-09"
"Python_GS3310855826159","Python_Generation_script","Jacqueline","Kelly","Curry","Jacqueline K Curry","","MD","zsmith@example.org","001-661-987-8600x502","13067 Wright Vista Apt. 563","","Jordanville","Colorado","74785","Single","2015-05-15"
"Python_GS4753256244129","Python_Generation_script","Raymond","Anthony","Sanchez","Raymond A Sanchez","Dr.","DDS","leah20@example.net","080-186-6762","839 John Spring","","Michaelshire","Wisconsin","71454","Widowed","1978-01-08"
"Python_GS4757211878794","Python_Generation_script","Briana","Tammy","Edwards","Briana Tammy Edwards","ms.","","samanthawilliams@example.com","+1-806-857-1699x899","6117 Morgan Bridge","","Dominicport","Missouri","50084","Widowed","1994-04-21"
"Python_GS0093591871159","Python_Generation_script","Kimberly","Connie","Davis","Kimberly C Davis","ms.","","jennifer24@example.org","(800)316-6174x325","480 Benjamin Vista","","Allenport","Georgia","36232","Widowed","1909-05-11"
"Python_GS8980864412329","Python_Generation_script","Amy","","Dalton","Amy Dalton","ms.","","michael92@example.net","(371)252-0347","935 Moon Rapids Suite 001","","Hollyberg","Maryland","13960","S","1987-01-03"
"Python_GS1569136380756","Python_Generation_script","Caitlin","Kendra","Simmons","Caitlin K. Simmons","","","zjones@example.org","4432093454","7396 David Plaza Apt. 443","","Elizabethburgh","Alaska","55868","Widowed","1930-10-19"
"Python_GS5538835735156","Python_Generation_script","Kathy","Melissa","King","Kathy Melissa King","","MD","bucksteven@example.org","001-077-951-5879x036","2109 Sonya Mountains Apt. 853","","Kelleyton","Massachusetts","83151","Widowed","1914-07-06"
"Python_GS0489542191610","Python_Generation_script","John","","Vasquez","John Vasquez","","","charlesmartin@example.net","4993949508","92117 Erica Stravenue","","Gardnerfort","Mississippi","49741","M","1924-08-07"
"Python_GS8811432747157","Python_Generation_script","Matthew","","Flynn","Matthew Flynn","mr.","MD","royromero@example.org","040-501-3129","45989 Daniel Mountain Suite 821","","Smithbury","Arkansas","50217","Separated","1926-10-20"
"Python_GS3647995539916","Python_Generation_script","Jessica","","Oliver","Jessica Oliver","miss","","deborah03@example.org","+1-324-622-8575x0754","22759 Erica Ville","","Madisonport","Nevada","63257","Single","1954-02-03"
"Python_GS3121573407878","Python_Generation_script","Amber","Cameron","Parker","Amber C Parker","","","vmoore@example.org","001-437-920-1483x6846","5648 Cook Via Suite 449","","New Angelaburgh","Arkansas","69690","Married","2010-03-11"
"Python_GS2570026471101","Python_Generation_script","Desiree","Maria","Gray","Desiree M Gray","","","vgreen@example.com","853-509-4870x50592","73417 King Road","","Meredithland","Louisiana","34801","Separated","1960-10-16"
"Python_GS0252332532739","Python_Generation_script","Lori","","Mason","Lori Mason","Mrs.","DVM","jonesroger@example.net","(956)841-7738x76449","85659 Stacy Glens","","Lake Richard","Alabama","73347","M","1975-08-28"
"Python_GS0690483454904","Python_Generation_script","Brian","","Wu","Brian Wu","","","nweber@example.org","311-085-9910x505","5448 William Land Apt. 379","","Richardtown","Delaware","48385","S","1952-07-24"
"Python_GS2067719210708","Python_Generation_script","Bryan","","Peterson","Bryan Peterson","","Jr.","igreen@example.net","930-303-6420x1421","013 Willie Corner","","Danielburgh","Oklahoma","33877","Divorced","2021-06-01"
"Python_GS4493103383730","Python_Generation_script","John","","Ward","John Ward","","DDS","dawn61@example.com","385-277-9549x81705","402 Kathy Highway","","North Janetstad","Oklahoma","68641","M","1967-03-25"
"Python_GS3980193646599","Python_Generation_script","Colleen","","Martinez","Colleen Martinez","","DDS","nashnathan@example.com","001-456-619-9860x71788","51152 Anne Trail","","Lake John","Texas","19043","Separated","1980-03-08"
"Python_GS8150255257994","Python_Generation_script","Thomas","","Ellis","Thomas Ellis","","MD","zrobinson@example.net","113-560-3704x60773","6153 Patrick Cove Apt. 287","","Barneston","New York","40413","Widowed","1957-10-31"
"Python_GS5178869927570","Python_Generation_script","Rachel","Kelly","Hall","Rachel Kelly Hall","","","wadedaniel@example.net","001-946-573-4520x970","09147 Flores Summit Apt. 605","","New Kyleview","Alaska","01558","W","1911-09-14"
"Python_GS1591561148984","Python_Generation_script","Charles","Bryan","Williams","Charles Bryan Williams","","","xhenson@example.com","832-121-0124x23556","61144 Davis Station","","North Elizabeth","Ohio","01162","W","1967-09-02"
